country_code,country_name,region
ABW,Aruba,Americas
AFG,Afghanistan,Asia
AGO,Angola,Africa
AIA,Anguilla,Americas
ALA,Aland Islands,Europe
ALB,Albania,Europe
AND,Andorra,Europe
ARE,United Arab Emirates,Asia
ARG,Argentina,Americas
ARM,Armenia,Asia
ASM,American Samoa,Oceania
ATF,French Southern Territories,Africa
ATG,Antigua and Barbuda,Americas
AUS,Australia,Oceania
AUT,Austria,Europe
AZE,Azerbaijan,Asia
BDI,Burundi,Africa
BEL,Belgium,Europe
BEN,Benin,Africa
BES,Bonaire Sint Eustatius and Saba,Americas
BFA,Burkina Faso,Africa
BGD,Bangladesh,Asia
BGR,Bulgaria,Europe
BHR,Bahrain,Asia
BHS,Bahamas,Americas
BIH,Bosnia and Herzegovina,Europe
BLM,Saint Barthelemy,Americas
BLR,Belarus,Europe
BLZ,Belize,Americas
BMU,Bermuda,Americas
BOL,Bolivia,Americas
BRA,Brazil,Americas
BRB,Barbados,Americas
BRN,Brunei,Asia
BTN,Bhutan,Asia
BVT,Bouvet Island,Americas
BWA,Botswana,Africa
CAF,Central African Republic,Africa
CAN,Canada,Americas
CCK,Cocos Islands,Oceania
CHE,Switzerland,Europe
CHL,Chile,Americas
CHN,China,Asia
CIV,Cote d'Ivoire,Africa
CMR,Cameroon,Africa
COD,Democratic Republic of Congo,Africa
COG,Congo,Africa
COK,Cook Islands,Oceania
COL,Colombia,Americas
COM,Comoros,Africa
CPV,Cape Verde,Africa
CRI,Costa Rica,Americas
CUB,Cuba,Americas
CUW,Curacao,Americas
CXR,Christmas Island,Oceania
CYM,Cayman Islands,Americas
CYP,Cyprus,Asia
CZE,Czechia,Europe
DEU,Germany,Europe
DJI,Djibouti,Africa
DMA,Dominica,Americas
DNK,Denmark,Europe
DOM,Dominican Republic,Americas
DZA,Algeria,Africa
ECU,Ecuador,Americas
EGY,Egypt,Africa
ERI,Eritrea,Africa
ESH,Western Sahara,Africa
ESP,Spain,Europe
EST,Estonia,Europe
ETH,Ethiopia,Africa
FIN,Finland,Europe
FJI,Fiji,Oceania
FLK,Falkland Islands,Americas
FRA,France,Europe
FRO,Faroe Islands,Europe
FSM,Micronesia (country),Oceania
GAB,Gabon,Africa
GBR,United Kingdom,Europe
GEO,Georgia,Asia
GGY,Guernsey,Europe
GHA,Ghana,Africa
GIB,Gibraltar,Europe
GIN,Guinea,Africa
GLP,Guadeloupe,Americas
GMB,Gambia,Africa
GNB,Guinea-Bissau,Africa
GNQ,Equatorial Guinea,Africa
GRC,Greece,Europe
GRD,Grenada,Americas
GRL,Greenland,Americas
GTM,Guatemala,Americas
GUF,French Guiana,Americas
GUM,Guam,Oceania
GUY,Guyana,Americas
HKG,Hong Kong,Asia
HMD,Heard Island and McDonald Islands,Oceania
HND,Honduras,Americas
HRV,Croatia,Europe
HTI,Haiti,Americas
HUN,Hungary,Europe
IDN,Indonesia,Asia
IMN,Isle of Man,Europe
IND,India,Asia
IOT,British Indian Ocean Territory,Africa
IRL,Ireland,Europe
IRN,Iran,Asia
IRQ,Iraq,Asia
ISL,Iceland,Europe
ISR,Israel,Asia
ITA,Italy,Europe
JAM,Jamaica,Americas
JEY,Jersey,Europe
JOR,Jordan,Asia
JPN,Japan,Asia
KAZ,Kazakhstan,Asia
KEN,Kenya,Africa
KGZ,Kyrgyzstan,Asia
KHM,Cambodia,Asia
KIR,Kiribati,Oceania
KNA,Saint Kitts and Nevis,Americas
KOR,South Korea,Asia
KWT,Kuwait,Asia
LAO,Laos,Asia
LBN,Lebanon,Asia
LBR,Liberia,Africa
LBY,Libya,Africa
LCA,Saint Lucia,Americas
LIE,Liechtenstein,Europe
LKA,Sri Lanka,Asia
LSO,Lesotho,Africa
LTU,Lithuania,Europe
LUX,Luxembourg,Europe
LVA,Latvia,Europe
MAC,Macao,Asia
MAF,Saint Martin (French part),Americas
MAR,Morocco,Africa
MCO,Monaco,Europe
MDA,Moldova,Europe
MDG,Madagascar,Africa
MDV,Maldives,Asia
MEX,Mexico,Americas
MHL,Marshall Islands,Oceania
MKD,North Macedonia,Europe
MLI,Mali,Africa
MLT,Malta,Europe
MMR,Myanmar,Asia
MNE,Montenegro,Europe
MNG,Mongolia,Asia
MNP,Northern Mariana Islands,Oceania
MOZ,Mozambique,Africa
MRT,Mauritania,Africa
MSR,Montserrat,Americas
MTQ,Martinique,Americas
MUS,Mauritius,Africa
MWI,Malawi,Africa
MYS,Malaysia,Asia
MYT,Mayotte,Africa
NAM,Namibia,Africa
NCL,New Caledonia,Oceania
NER,Niger,Africa
NFK,Norfolk Island,Oceania
NGA,Nigeria,Africa
NIC,Nicaragua,Americas
NIU,Niue,Oceania
NLD,Netherlands,Europe
NOR,Norway,Europe
NPL,Nepal,Asia
NRU,Nauru,Oceania
NZL,New Zealand,Oceania
OMN,Oman,Asia
PAK,Pakistan,Asia
PAN,Panama,Americas
PCN,Pitcairn,Oceania
PER,Peru,Americas
PHL,Philippines,Asia
PLW,Palau,Oceania
PNG,Papua New Guinea,Oceania
POL,Poland,Europe
PRI,Puerto Rico,Americas
PRK,North Korea,Asia
PRT,Portugal,Europe
PRY,Paraguay,Americas
PYF,French Polynesia,Oceania
QAT,Qatar,Asia
REU,Reunion,Africa
ROU,Romania,Europe
RUS,Russia,Europe
RWA,Rwanda,Africa
SAU,Saudi Arabia,Asia
SDN,Sudan,Africa
SEN,Senegal,Africa
SGP,Singapore,Asia
SGS,South Georgia and the South Sandwich Islands,Americas
SHN,Saint Helena,Africa
SLB,Solomon Islands,Oceania
SLE,Sierra Leone,Africa
SLV,El Salvador,Americas
SMR,San Marino,Europe
SOM,Somalia,Africa
SPM,Saint Pierre and Miquelon,Americas
SRB,Serbia,Europe
SSD,South Sudan,Africa
STP,Sao Tome and Principe,Africa
SUR,Suriname,Americas
SVK,Slovakia,Europe
SVN,Slovenia,Europe
SWE,Sweden,Europe
SWZ,Eswatini,Africa
SXM,Sint Maarten (Dutch part),Americas
SYC,Seychelles,Africa
SYR,Syria,Asia
TCA,Turks and Caicos Islands,Americas
TCD,Chad,Africa
TGO,Togo,Africa
THA,Thailand,Asia
TJK,Tajikistan,Asia
TKL,Tokelau,Oceania
TKM,Turkmenistan,Asia
TLS,East Timor,Asia
TON,Tonga,Oceania
TTO,Trinidad and Tobago,Americas
TUN,Tunisia,Africa
TUR,Turkey,Asia
TUV,Tuvalu,Oceania
TZA,Tanzania,Africa
UGA,Uganda,Africa
UKR,Ukraine,Europe
URY,Uruguay,Americas
USA,United States,Americas
UZB,Uzbekistan,Asia
VAT,Vatican,Europe
VCT,Saint Vincent and the Grenadines,Americas
VEN,Venezuela,Americas
VGB,British Virgin Islands,Americas
VIR,United States Virgin Islands,Americas
VNM,Vietnam,Asia
VUT,Vanuatu,Oceania
WLF,Wallis and Futuna,Oceania
WSM,Samoa,Oceania
YEM,Yemen,Asia
ZAF,South Africa,Africa
ZMB,Zambia,Africa
ZWE,Zimbabwe,Africa
